id,name,name_id,url,country,date_live,date_added,usdt,fiat,auto,volume_usd,udate,volume_usd_adj
1,1Broker,_1broker,https://1broker.com/,Marshall Islands,2011-09-16,0000-00-00 00:00:00,0,1,No,0.0,Recently,0.0
2,1BTCXE,_1btcxe,https://1btcxe.com,"Panama City, Republic of Panama
",2014-01-01,0000-00-00 00:00:00,0,1,Yes,0.0,NA,0.0
3,ACX,acx,https://acx.io,Australia,2016-04-01,0000-00-00 00:00:00,0,1,Yes,0.0,Recently,0.0
4,ANXPro,anxpro,https://anxpro.com,"Hong Kong, China",2014-02-01,0000-00-00 00:00:00,0,1,Yes,416.61024585076,NA,416.61024585076
5,Binance,binance,https://www.binance.com,Japan,2014-01-01,0000-00-00 00:00:00,1,0,Yes,14175196482.814907,Recently,148116545547.85095
6,Bit2C,bit2c,https://www.bit2c.co.il,Israel,2013-05-01,0000-00-00 00:00:00,0,1,Yes,70426.12533692233,Lag,70426.12533692233
7,BitBay,bitbay,https://bitbay.net,Poland,2014-01-01,0000-00-00 00:00:00,0,1,Yes,16281441.648853762,Recently,348184.1433059091
8,Bitcoin.co.id,bitcoincoid,https://www.bitcoin.co.id,Indonesia,2015-01-01,0000-00-00 00:00:00,0,1,Yes,0.0,NA,0.0
9,Bitfinex,bitfinex2,https://www.bitfinex.com,Hong Kong,2012-01-01,0000-00-00 00:00:00,1,0,Yes,912306836.5486025,Recently,967470281.160335
10,bitFlyer,bitflyer,https://bitflyer.com/,Japan,2014-01-09,0000-00-00 00:00:00,0,1,Yes,136878247.02380878,Recently,41494852.46452154
11,Bithumb,bithumb,https://www.bithumb.com,South Korea,2013-01-01,0000-00-00 00:00:00,0,1,Yes,0.0,Lag,0.0
12,bitlish,bitlish,https://bitlish.com,UK,2014-01-01,0000-00-00 00:00:00,0,1,Yes,0.0,Lag,0.0
13,BitMarket,bitmarket,https://www.bitmarket.net/,"Poland, EU",,0000-00-00 00:00:00,0,0,No,830158.1227909212,Lag,0.0
14,BitMEX,bitmex,https://www.bitmex.com/,Seychelles,2014-01-01,2018-05-21 00:00:00,0,0,Yes,0.0,Recently,0.0
15,Bitso,bitso,https://bitso.com,Mexico,2014-01-01,0000-00-00 00:00:00,0,0,Yes,22297053.28075953,Recently,6518227.41673261
16,Bitstamp,bitstamp,https://www.bitstamp.net/,"Luxembourg, Luxembourg; Slovenia",2011-00-00,0000-00-00 00:00:00,0,0,Yes,277216207.3298356,Recently,23417097.717790283
17,Bittrex,bittrex,https://bittrex.com/,"Seattle, Washington, United States",2014-00-00,0000-00-00 00:00:00,0,0,Yes,64151224.352875,Recently,23699130.366112396
18,BL3P,bl3p,https://bl3p.eu,"Netherlands, EU",,0000-00-00 00:00:00,0,0,Yes,392452.47493783,Recently,0.0
19,Bleutrade,bleutrade,https://bleutrade.com,Brazil,2017-01-01,0000-00-00 00:00:00,0,0,Yes,255.72471608998703,Lag,255.72471608998703
21,BTCExchange,btcexchange,https://www.btcxchange.com,Philippines,,0000-00-00 00:00:00,0,0,Yes,0.0,NA,0.0
22,BTC Markets,btcmarkets,https://btcmarkets.net/,Australia,,0000-00-00 00:00:00,0,0,Yes,7465163.862194906,Recently,396362.70843032515
24,BTCTurk,btcturk,https://www.btcturk.com,Turkey,,0000-00-00 00:00:00,0,0,Yes,127083889.19955863,Recently,23341553.173351265
25,BTCX,btcx,https://bt.cx,"Iceland, US, EU",,0000-00-00 00:00:00,0,0,Yes,0.0,NA,0.0
26,Bter,bter,bter.com,"British Virgin Islands, China",,0000-00-00 00:00:00,0,0,Yes,0.0,NA,0.0
27,BX.in.th,bxinth,https://bx.in.th,Thailand,,0000-00-00 00:00:00,0,0,Yes,0.0,Lag,0.0
28,C-CEX,ccex,https://www.c-cex.com,"Germany, EU",,0000-00-00 00:00:00,0,0,Yes,0.0,Lag,0.0
29,CEX.IO,cex,https://cex.io,"London, United Kingdom",2013-00-00,0000-00-00 00:00:00,0,1,Yes,17632955.684706975,Recently,3606192.3135762936
30,CHBTC,chbtc,https://www.chbtc.com,China,,0000-00-00 00:00:00,0,0,Yes,0.0,NA,0.0
31,ChileBit,chilebit,https://chilebit.net,Chile,,0000-00-00 00:00:00,0,0,Yes,34218.3526285144,Recently,0.0
32,coincheck,coincheck,https://coincheck.com,"Tokyo, Japan",2014-00-00,0000-00-00 00:00:00,0,0,Yes,90132888.341516,Recently,12626812.398656324
33,coinfloor,coinfloor,https://www.coinfloor.co.uk,UK,,0000-00-00 00:00:00,0,0,Yes,1487770.2473206467,NA,1487770.2473206467
34,Coingi,coingi,https://coingi.com/,"Panama, Bulgaria, China, US",,0000-00-00 00:00:00,0,0,Yes,120.3175,Recently,120.3175
36,CoinMate,coinmate,https://coinmate.io,"UK, Czech Republic",,0000-00-00 00:00:00,0,0,Yes,225815.62043095598,Lag,225815.62043095598
37,Coinsecure,coinsecure,https://coinsecure.in/,India,,0000-00-00 00:00:00,0,0,Yes,0.0,NA,0.0
38,CoinSpot,coinspot,https://coinspot.com.au,Australia,,0000-00-00 00:00:00,0,0,Yes,0.0,NA,0.0
39,Cryptopia,cryptopia,https://www.cryptopia.co.nz,New Zealand,,0000-00-00 00:00:00,0,0,Yes,229401.08958191218,NA,229401.08958191218
40,DSX,dsx,https://dsx.uk/,UK,2018-01-01,0000-00-00 00:00:00,0,0,Yes,29999.931334815006,Lag,0.0
41,EXMO,exmo,https://exmo.com/,"Spain, Russia",2013-01-01,0000-00-00 00:00:00,0,0,Yes,66673749.99048583,Recently,1226003.409655999
42,flowBTC,flowbtc,https://trader.flowbtc.com/,Brazil,,0000-00-00 00:00:00,0,0,Yes,0.0,NA,0.0
43,FoxBit,foxbit,https://foxbit.exchange/,Brazil,,0000-00-00 00:00:00,0,0,Yes,0.0,Recently,0.0
46,Gatecoin,gatecoin,https://gatecoin.com/,Hong Kong,2013-00-00,0000-00-00 00:00:00,0,0,Yes,2455.0,NA,2455.0
47,GDAX,gdax,https://www.gdax.com/,"San Francisco, California, United States",2011-07-02,0000-00-00 00:00:00,0,0,Yes,61018282.541038156,Lag,61018282.541038156
48,Gemini,gemini,https://gemini.com,US,2014-01-01,0000-00-00 00:00:00,0,0,Yes,137780021.4994005,Recently,47726042.59736455
49,HitBTC,hitbtc2,https://hitbtc.com/,Hong Kong,2013-01-01,0000-00-00 00:00:00,1,0,Yes,3790684987.2373223,Recently,562229996.7798401
50,Huobi,huobi,https://www.huobi.com/,Singapore,2013-01-01,2018-05-21 00:00:00,1,0,No,2044882666.393478,Recently,395348737.3433322
53,Independent Reserve,independentreserve,https://www.independentreserve.com,"Australia, New Zealand",,0000-00-00 00:00:00,0,0,Yes,4862321.0190040665,Recently,4862321.0190040665
54,itBit,itbit,https://itbit.com,US,2013-01-01,0000-00-00 00:00:00,0,1,No,19237780.580121893,Lag,0.0
55,jubi.com,jubi,https://www.jubi.com/,China,,0000-00-00 00:00:00,0,0,Yes,0.0,NA,0.0
56,Kraken,kraken,https://www.kraken.com,"San Francisco, California, United States",2011-00-00,0000-00-00 00:00:00,0,0,Yes,1057846041.5574782,Recently,743718245.2650883
57,LakeBTC,lakebtc,https://www.lakebtc.com,US,2013-00-00,0000-00-00 00:00:00,0,0,Yes,4555782.636599001,Lag,0.0
58,LiveCoin,livecoin,https://www.livecoin.net,"US, UK, Russia",2017-01-01,0000-00-00 00:00:00,0,0,Yes,0.0,Lag,0.0
59,Liqui,liqui,https://liqui.io,Ukraine,,0000-00-00 00:00:00,0,0,Yes,503.35853829542,NA,0.0
60,luno,luno,https://www.luno.com/en,"London, United Kingdom",2013-01-01,0000-00-00 00:00:00,0,0,Yes,1146240.8523932,Recently,1146240.8523932
61,Mercado Bitcoin,mercado,https://www.mercadobitcoin.com.br,Brazil,,0000-00-00 00:00:00,0,0,Yes,7784211.9080686,Recently,7784211.9080686
62,MixCoins,mixcoins,https://mixcoins.com/,"UK, Hong Kong",,0000-00-00 00:00:00,0,0,Yes,12.511906344542,Lag,0.0
63,Novaexchange,nova,https://novaexchange.com,Tanzania,,0000-00-00 00:00:00,0,0,Yes,1124.0003733013768,Lag,1124.0003733013768
66,OKEX,okex,https://www.okex.com/,Hong Kong,2014-01-01,2018-05-21 00:00:00,1,0,No,5197769056.181154,Recently,2526653431.155695
67,Paymium,paymium,https://www.paymium.com,"France, EU",,0000-00-00 00:00:00,0,0,Yes,5945.3374105033,Lag,5945.3374105033
68,Poloniex,poloniex,https://poloniex.com,"Wilmington, Delaware, United States",2014-00-00,0000-00-00 00:00:00,0,0,Yes,90734754.18195648,Recently,19119606.679266367
70,QUOINE,quoine,https://quoinex.com/,"Japan, Singapore, Vietnam",,0000-00-00 00:00:00,0,0,Yes,68508962.95760141,Lag,0.0
71,SouthXchange,southxchange,https://www.southxchange.com/,Argentina,,0000-00-00 00:00:00,0,0,Yes,229760.30500414767,Recently,229760.30500414767
72,SurBitcoin,surbitcoin,https://surbitcoin.com/,Venezuela,,0000-00-00 00:00:00,0,0,Yes,0.0,NA,0.0
73,Tidex,tidex,https://tidex.com,UK,2017-01-01,0000-00-00 00:00:00,0,0,No,6802861.759879414,Recently,6802861.759879414
74,TheRockTrading,therocktrading,https://www.therocktrading.com,Italy,2007-01-01,0000-00-00 00:00:00,0,1,No,3108767.2474473226,Recently,3108767.2474473226
75,UrduBit,urdubit,https://urdubit.com,Pakistan,,0000-00-00 00:00:00,0,0,Yes,0.0,NA,0.0
76,Vaultoro,vaultoro,https://www.vaultoro.com,Switzerland,,0000-00-00 00:00:00,0,0,Yes,0.0,NA,0.0
77,VBTC,vbtc,https://vbtc.exchange,Vietnam,,0000-00-00 00:00:00,0,0,Yes,0.0,NA,0.0
78,VirWoX,virwox,https://www.virwox.com,"Austria, EU",,0000-00-00 00:00:00,0,0,Yes,0.0,NA,0.0
79,WEX,wex,https://wex.nz/,New Zealand,,0000-00-00 00:00:00,0,0,Yes,2147356.1169679267,NA,2147356.1169679267
80,xBTCe,xbtce,https://www.xbtce.com/,Russia,,0000-00-00 00:00:00,0,0,Yes,4916.9149720000005,Lag,4916.9149720000005
81,YoBit,yobit,https://yobit.net/,Russia,,0000-00-00 00:00:00,0,0,Yes,304948850.37014616,Recently,44596630.08893168
82,YUNBI,yunbi,https://yunbi.com,China,,0000-00-00 00:00:00,0,0,Yes,0.0,NA,0.0
83,Zaif,zaif,https://zaif.jp,Japan,2015-00-00,0000-00-00 00:00:00,0,0,Yes,3238998.2241031113,Recently,3238998.2241031113
84,Coinone,coinone,https://coinone.co.kr,Korea,2016-01-01,0000-00-00 00:00:00,0,0,No,193439317.86408287,Recently,32591101.68805655
85,ZB.com,zb,https://www.zb.com,China,2017-01-01,0000-00-00 00:00:00,1,0,No,1055109993.8240466,Recently,36155710.868117005
86,Coinnest,coinnest,https://www.coinnest.co.kr,Korea,2017-01-01,0000-00-00 00:00:00,0,0,No,0.0,Lag,0.0
87,Korbit,korbit,https://www.korbit.co.kr,Korea,2013-01-01,0000-00-00 00:00:00,0,0,No,10287731.223284628,Recently,289118.6705340709
90,Coinroom,coinroom,https://coinroom.com,Poland,2017-01-01,0000-00-00 00:00:00,0,0,No,2657960.9005570333,NA,2657960.9005570333
96,Kucoin,kucoin,https://www.kucoin.com,Hong Kong,2014-01-01,0000-00-00 00:00:00,0,0,No,2198480957.051552,Recently,1711509709.506893
98,Bitsane,bitsane,https://bitsane.com,Ireland,2016-01-01,0000-00-00 00:00:00,0,0,No,121018144.91110094,Lag,0.0
99,Exx,exx,https://www.exx.com,China,2017-01-01,0000-00-00 00:00:00,0,0,No,330615143.45862764,Lag,290854.2251707591
100,Gate,gate,https://gate.io/,"Virginia, US",2017-00-00,0000-00-00 00:00:00,0,0,No,524548468.63926744,Recently,1318828751.9903228
102,Bit-z,bit-z,https://www.bit-z.com,"Hong Kong, Beijing, Singapore",2016-01-01,0000-00-00 00:00:00,1,0,No,37301205.5488,Lag,0.0
103,Lbank,lbank,https://www.lbank.info,HK,2017-01-01,2018-05-01 00:00:00,1,0,No,1020352607.1440862,Recently,159939550.1556179
104,Simex Global,simex,https://simex.global/en,"Las Vegas, NV",2015-01-01,2018-05-01 00:00:00,1,1,No,127854406.11019,Recently,239890.06006347967
105,BCex,bcex,https://www.bcex.ca,Vancouver,2017-09-01,2018-05-01 00:00:00,1,0,No,0.0,Recently,0.0
106,Coinbene,coinbene,https://www.coinbene.com/,Singapore,2017-10-01,2018-05-01 00:00:00,1,0,No,0.0,Lag,0.0
107,Bibox,bibox,https://www.bibox.com/,China,2017-09-01,2018-05-02 00:00:00,1,0,No,278217523.3464563,Recently,10106952.276059786
108,Sistemkoin,sistemkoin,https://sistemkoin.com/,Turkey,2017-01-01,2018-05-03 00:00:00,0,1,No,58795829.15401278,Lag,58795829.15401278
109,Vebitcoin,vebitcoin,https://www.vebitcoin.com,Turkey,,2018-05-03 00:00:00,0,1,No,48211572.99255482,Lag,48211572.99255482
111,C2cx,c2cx,https://www.c2cx.com,China,,2018-05-03 00:00:00,1,0,No,0.0,Lag,0.0
112,Quadrigacx,quadrigacx,https://www.quadrigacx.com,Canada,,2018-05-03 00:00:00,0,0,No,497475.6280800527,NA,497475.6280800527
113,Crex24,crex24,https://crex24.com,Cyprus,2017-01-01,2018-05-03 00:00:00,0,1,No,2507461.65856224,Recently,2507461.65856224
114,Btcc,btcc,https://btcc.com,"Hong Kong, China",2011-00-00,2018-05-07 00:00:00,0,1,Yes,0.0,NA,0.0
115,Dragonex,dragonex,https://dragonex.io,Thailand,2017-01-01,2018-05-07 00:00:00,1,0,No,508445644.1326832,Recently,1766129.8982596106
116,BTCbox,btcbox,https://www.btcbox.co.jp,"Chiba-cho, Nihonbashi, Chuo-ku, Tokyo",2014-00-00,2018-05-07 00:00:00,0,1,No,55117735.690577,Recently,55117735.690577
118,Otcbtc,otcbtc,https://otcbtc.com,Taiwan,,2018-05-07 00:00:00,1,0,No,1857.3778645148,Recently,1857.3778645148
119,Indodax,indodax,https://indodax.com,Indonesia,2014-01-01,2018-05-08 00:00:00,0,1,No,1716717.4456210902,Recently,678195.9053634853
120,Ooobtc,ooobtc,https://ooobtc.com,Singapore,,2018-05-08 00:00:00,0,0,No,149031.57753848354,Lag,0.0
121,Fatbtc,fatbtc,https://www.fatbtc.com,Seychelles,2014-01-01,2018-05-08 00:00:00,0,0,No,218086256.44510725,Recently,1149366.2458117018
122,Gopax,gopax,https://www.gopax.co.kr,South Korea,2016-01-01,2018-05-08 00:00:00,0,0,No,745743.389625351,Recently,0.0
123,Bitbank,bitbank,https://bitbank.cc/,Japan,2016-01-01,2018-05-08 00:00:00,0,1,No,46028435.79972413,Recently,8402571.48551777
124,Braziliex,braziliex,https://braziliex.com/,Brazil,2017-01-01,2018-05-08 00:00:00,0,1,No,0.0,NA,0.0
125,BtcTrade.im,btctradeim,https://www.btctrade.im/,Hong Kong,,2018-05-08 00:00:00,0,0,No,7408781.928712622,NA,0.0
126,BTC TRADE UA ,btctradeua,https://btc-trade.com.ua,Ukraine,,2018-05-08 00:00:00,0,1,No,0.0,NA,0.0
128,Coinex,coinex,https://www.coinex.com/,China,2017-01-01,2018-05-08 00:00:00,1,0,No,82775523.03008327,Recently,39880027.26876234
129,Ethfinex,ethfinex,https://www.ethfinex.com,British Virgin Islands,2017-01-01,2018-05-08 00:00:00,0,0,No,908170.9839628545,Lag,0.0
130,GetBTC,getbtc,https://getbtc.org/,"St. Vincent & Grenadines, Russia
",,2018-05-08 00:00:00,0,1,No,0.0,NA,0.0
131,Kuna,kuna,https://kuna.io/,Ukraine,,2018-05-08 00:00:00,0,1,No,4569.266614364999,Recently,4569.266614364999
132,Lykke,lykke,https://www.lykke.com/,Switzerland,2017-01-01,2018-05-08 00:00:00,0,1,No,233831.37780449184,Recently,233831.37780449184
133,NegocieCoins,negociecoins,https://www.negociecoins.com.br/,Brazil,,2018-05-09 00:00:00,0,1,No,16747.9241587738,Lag,0.0
135,QRYPTOS,qryptos,https://www.qryptos.com/,"China, Taiwan",,2018-05-10 00:00:00,0,0,No,110957.58145141635,Lag,0.0
136,Coinrail,coinrail,https://coinrail.co.kr,Korea,,2018-05-10 00:00:00,0,1,No,6792.622428012341,Lag,6792.622428012341
139,Zebpay,zebpay,https://www.zebpay.com/,Singapore,2015-00-00,2018-05-11 00:00:00,0,1,No,2024088.866176274,Recently,2024088.866176274
140,Fexpro,fexpro,https://fexpro.io,Hong Kong,,2018-05-11 00:00:00,1,0,No,3026.242485821885,NA,0.0
141,B2bx,b2bx,https://www.b2bx.exchange,Russia,2017-01-01,2018-05-11 00:00:00,1,0,No,0.0,NA,0.0
143,Exrates,exrates,https://exrates.me/,Indonesia,2017-01-01,2018-05-11 00:00:00,0,1,No,32798800.45525917,Recently,32798800.45525917
146,IDAX,idax,https://www.idax.pro/,Mongolia,2018-01-01,2018-05-21 00:00:00,0,0,No,620151.3656441214,Lag,0.0
147,Cointiger,cointiger,https://www.cointiger.com/,Singapore,2017-01-01,2018-05-21 00:00:00,0,0,No,176432232.0349977,Recently,7079544.491937057
148,Allcoin,allcoin,https://www.allcoin.com/,Canada,2016-01-01,2018-05-21 00:00:00,0,0,No,5001.350856975457,Lag,0.0
149,Idex,idex,https://idex.market,Panama,2017-01-01,0000-00-00 00:00:00,0,0,No,15527.6037405482,Lag,15527.6037405482
152,Coinbe,coinbe,https://coinbe.net/,Poland,,2018-06-01 00:00:00,0,0,No,0.0,Lag,0.0
153,OpenLedger,openledger,https://openledger.io,Denmark,,2018-06-01 00:00:00,0,0,No,0.0,Lag,0.0
159,TideBit,tidebit,https://www.tidebit.com/,Hong Kong,2017-01-01,2018-06-02 00:00:00,0,1,No,0.0,Lag,0.0
162,Neraex,neraex,https://neraex.pro/,Japan,2017-01-01,2018-06-02 00:00:00,0,1,No,8096.5800925432,Lag,0.0
164,FreiExchange,freiexchange,https://freiexchange.com,Norway,2016-01-01,2018-06-02 00:00:00,0,0,No,14790.055054841565,Recently,14790.055054841565
168,COSS,coss,https://www.coss.io/,Singapore,2017-01-01,2018-06-08 00:00:00,0,0,No,0.0,Recently,0.0
171,Upbit,upbit,https://upbit.com/,South Korea,2017-01-01,2018-06-12 00:00:00,0,1,No,1534064916.968686,Recently,1104430124.7788634
177,Bitmart,bitmart,https://www.bitmart.com,Cayman Islands,2017-01-01,2018-07-11 00:00:00,1,0,No,803067208.6493597,Recently,406328591.8381394
178,Coinhub,coinhub,https://coinhub.io,Singapore,,2018-07-11 00:00:00,0,0,No,57922.72687616913,Lag,57922.72687616913
180,BitForex,bitforex,https://bitforex.com,Seychelles,2018-01-01,2018-07-13 00:00:00,1,0,No,780631242.4526948,Recently,129662014.3918379
187,Coinbase Pro,coinbase,https://www.coinbase.com/,"San Francisco, California, United States",2012-06-20,2018-07-14 00:00:00,0,1,No,1895350651.3595529,Recently,3573992324.1996517
190,DigiFinex,digifinex,https://www.digifinex.com/,Seychelles,2018-01-01,2018-07-18 00:00:00,1,0,No,1780510353.8386784,Recently,375258163.0961372
191,Kryptono,kryptono,https://kryptono.exchange,SINGAPORE,2018-01-01,2018-09-19 00:00:00,1,0,No,0.0,Lag,0.0
193,CPDAX,cpdax,https://www.cpdax.com/,South Korea,2013-01-01,2018-09-20 00:00:00,0,1,No,1894.1253901812468,Lag,1894.1253901812468
194,BiteBTC,bitebtc,https://bitebtc.com,Singapore,2017-01-01,2018-09-20 00:00:00,0,1,No,0.0,Lag,0.0
195,Instant Bitex,instantbitex,https://instantbitex.com/,United Kingdom,2018-01-01,2018-09-20 00:00:00,1,0,No,302777.38421354,Lag,302777.38421354
197,Allbit,allbit,https://allbit.com/,South Korea,2018-01-01,2018-09-20 00:00:00,0,0,No,0.0,Recently,0.0
198,TDAX,tdax,https://tdax.com/,Thailand,,2018-09-20 00:00:00,0,1,No,317977.97860092804,Recently,0.0
200,Coinsuper,coinsuper,https://www.coinsuper.com/,Hong Kong,2017-01-01,2018-09-21 00:00:00,0,1,No,14964169.495750729,Recently,1686620.1560142967
201,IDCM,idcm,https://www.idcm.io/,Hong Kong,2017-01-01,2018-09-21 00:00:00,1,0,No,1151551564.943073,Lag,1955209.3411178188
204,Tokenomy,tokenomy,https://tokenomy.com/,Singapore,2018-01-01,2018-10-12 00:00:00,0,0,No,832651.508423515,Recently,832651.508423515
205,CoinFalcon,coinfalcon,https://coinfalcon.com/,United Kingdom,2017-01-01,2018-10-12 00:00:00,0,1,No,420.1074510888051,Recently,420.1074510888051
206,TOPBTC,topbtc,https://topbtc.com/,Malta,2017-01-01,2018-10-12 00:00:00,1,0,No,455211307.0299312,Recently,385479.0526925413
209,Bitrue,bitrue,https://www.bitrue.com/,Singapore,2018-01-01,2018-10-12 00:00:00,1,0,No,1672419042.1768434,Recently,266329076.53079495
211,CoinsBank,coinsbank,https://coinsbank.com/,Estonia,,2018-10-12 00:00:00,0,1,No,0.0,Recently,0.0
215,Coindelta,coindelta,https://coindelta.com/,Indian,2017-01-01,2018-10-27 00:00:00,0,1,No,2597.685379138373,NA,2597.685379138373
217,Safe.Trade,safe.trade,https://www.safe.trade/,Canada,2018-01-01,2018-11-26 00:00:00,0,0,No,39887.652405216424,Recently,39887.652405216424
218,Raisex,raisex,https://www.raisex.io/,Malta,2017-01-01,2018-12-14 00:00:00,0,0,No,5378315.560273007,Lag,5378315.560273007
220,Graviex,graviex,https://graviex.net/,Russia,2017-01-01,2018-12-18 00:00:00,0,0,No,164959.07131167367,Recently,164959.07131167367
222,BW,bw.com,https://www.bw.com/,Australia,2017-01-01,2019-01-17 00:00:00,1,0,No,51828655.021176726,Recently,341374.2195655662
223,Coineal,coineal,https://www.coineal.com/,Seychelles,2018-01-01,2019-01-17 00:00:00,1,0,No,62559399.63358446,Recently,746307.0375707055
224,Coinmex,coinmex,https://www.coinmex.com/,Belize,2018-01-01,2019-01-17 00:00:00,1,0,No,0.0,Lag,0.0
225,TOKOK,tokok,https://www.tokok.com/,British Virgin Islands,2018-01-01,2019-01-17 00:00:00,1,0,No,323322781.3344173,Recently,410084.2081157273
227,GDAC,gdac,https://www.gdac.com,South Korea,2018-01-01,2019-01-17 00:00:00,0,1,No,782736.038004702,Recently,782736.038004702
228,Cryptology,cryptology,https://cryptology.com/,Singapore,2018-01-01,2019-01-17 00:00:00,0,1,No,32473357.408928063,Recently,1103542.2216880284
229,WazirX,wazirx,https://wazirx.com/,India,2018-01-01,2019-01-17 00:00:00,1,0,No,55333355.10510957,Recently,102976130.21859926
230,P2PB2B,p2pb2b,https://p2pb2b.io/,Estonia,2018-01-01,2019-01-17 00:00:00,0,1,No,454115084.4312134,Recently,26925399.56742258
231,BitexLive,bitexlive,https://bitexlive.com,Turkey,,2019-01-23 00:00:00,1,0,No,34329.1085944057,Lag,34329.1085944057
232,3XBIT,3xbit,https://www.3xbit.com.br/,Brazil,,2019-01-26 00:00:00,0,0,No,940.70329211409,Lag,940.70329211409
236,AltMarkets,altmarkets,https://altmarkets.io/,UK,2018-07-01,2019-02-01 00:00:00,0,0,No,0.0,Lag,0.0
237,Cratex,cratex,https://cratex.io,Turkey,2018-09-01,2019-02-07 00:00:00,0,0,No,50.63649643483661,Recently,50.63649643483661
241,ChainEx,chainex,https://www.chainex.io,South African,2018-01-01,2019-02-15 00:00:00,1,1,No,1706.90162057058,Recently,1706.90162057058
242,OMGFIN,omgfin,https://omgfin.com,"Estonia, EU",2018-10-10,2019-02-15 00:00:00,1,0,No,62633692.42672985,Recently,7404612.886852557
243,AlphaEX,alphaex,https://alphaex.net/,Malta,2017-01-01,2019-02-16 00:00:00,1,0,No,0.0,Recently,0.0
244,Bkex,bkex,https://www.bkex.com/,British Virgin Islands,2018-01-01,2019-04-14 00:00:00,1,0,No,1255890916.7800314,Recently,78965709.39176297
245,Dcoin,dcoin,https://www.dcoin.com/,Switzerland,2018-01-01,2019-04-14 00:00:00,1,0,No,509875740.8950496,Recently,16289883.664342236
246,Coinlim,coinlim,https://www.coinlim.com/,Singapore,2018-01-01,2019-04-14 00:00:00,1,0,No,80135373.40269974,Lag,0.0
249,ZBG,zbg,https://www.zbg.com,Hong Kong,2018-07-01,2019-04-22 00:00:00,1,0,No,4363894682.885386,Recently,191132741.33227146
254,Anycoin Direct,anycoindirect,https://anycoindirect.eu,Netherlands,,2019-05-28 00:00:00,0,1,No,231484.4400801651,Recently,231484.4400801651
258,Huobi Korea,huobi-korea,https://www.huobi.co.kr/,Korea,,2019-08-27 00:00:00,1,1,Yes,526196118.528462,Lag,814053.2458826556
461,Yunex.io,yunex-io,https://yunex.io/,British Virgin Islands,2018-01-01,2019-09-10 03:16:18,1,0,No,8794477.931421848,Lag,8794477.931421848
462,Vbitex,vbitex,http://www.vbitex.com,Seychelles,2017-01-01,2019-09-10 03:16:19,0,0,No,0.0,NA,0.0
463,IQFinex,iqfinex,https://www.iqfinex.com/,Switzerland,2018-01-01,2019-09-10 03:16:21,0,0,No,0.0,Lag,0.0
464,Daybit,daybit,https://daybit.com,South Korea,2018-01-01,2019-09-10 03:16:22,0,0,No,3100.5710513204704,Lag,0.0
465,Coinpark,coinpark,https://www.coinpark.com/,China,2018-01-01,2019-09-10 03:16:24,1,0,No,44924454.710241005,Recently,44924454.710241005
466,FCoin,fcoin,https://www.fcoin.com/,China,2018-01-01,2019-09-10 03:16:25,1,0,No,5142.7777247799995,Lag,0.0
467,Newdex,newdex,https://newdex.io/,Cayman Islands,2018-01-01,2019-09-10 03:16:26,0,0,No,79452.5192191425,Recently,79452.5192191425
468,Bitsonic,bitsonic,https://bitsonic.co.kr,South Korea,2018-01-01,2019-09-10 03:16:28,0,0,No,903139.4201848435,Lag,0.0
469,CITEX,citex,https://www.citex.co.kr/#/home,South Korea,2018-01-01,2019-09-10 03:16:29,1,0,No,6914276587.295528,Lag,974984363.5329572
470,qTrade,qtrade,https://qtrade.io,United States,,2019-09-10 03:16:31,0,0,No,31368.143000340395,Recently,31368.143000340395
471,Swiftex,swiftex,https://trade.swiftex.co,United Kingdom,2018-01-01,2019-09-10 03:16:32,0,0,No,0.0,Lag,0.0
472,CoinAll,coinall,https://www.coinall.com/,Hong Kong,2014-01-01,2019-09-10 03:16:34,1,0,No,3154522.5285975467,Lag,3154522.5285975467
473,Bgogo,bgogo,https://bgogo.com/,Cayman Islands,2018-01-01,2019-09-10 03:16:35,1,0,No,4384008.9118671045,Recently,4384008.9118671045
474,COINBIG,coinbig,https://www.coinbig.org/,Cayman Islands,2017-01-01,2019-09-10 03:16:37,1,0,No,48904560.622389615,Lag,48904560.622389615
475,BitRabbit,bitrabbit,https://bitrabbit.com/,Australia,,2019-09-10 03:16:38,1,0,No,0.0,Lag,0.0
476,Tideal,tideal,https://tideal.com/,Hong Kong,2018-01-01,2019-09-10 03:16:39,0,0,No,0.0,NA,0.0
477,Vinex,vinex,https://vinex.network,Singapore,2018-01-01,2019-09-10 03:16:41,0,0,No,193045.02812978692,Lag,193045.02812978692
478,ExMarkets,exmarkets,https://exmarkets.com,British Virgin Islands,2018-01-01,2019-09-10 03:16:42,0,1,No,116896885.39141922,Recently,4699561.644414022
479,AlterDice,alterdice,https://alterdice.com/,Singapore,2018-01-01,2019-09-10 03:16:44,1,1,No,22613637.59539591,Recently,22613637.59539591
480,Coinplace,coinplace,https://coinplace.pro/,United Arab Emirates,2018-01-01,2019-09-10 03:16:45,0,0,No,0.0,Lag,0.0
481,Txbit,txbit,https://txbit.io/,Netherlands,2019-01-01,2019-09-10 03:16:46,0,0,No,1222737.4275727833,Recently,1222737.4275727833
482,BOA Exchange,boa-exchange,https://www.boaexchange.com/,Romania,2018-01-01,2019-09-10 03:16:48,0,0,No,0.0,Lag,0.0
483,Catex,catex,https://www.catex.io/,China,2018-01-01,2019-09-10 03:16:49,1,0,No,37649002.579719916,Recently,1247598.7420121643
484,Cashierest,cashierest,https://www.cashierest.com,South Korea,2018-01-01,2019-09-10 03:16:51,1,0,No,180.41969268769,Lag,0.0
485,Bamboo Relay,bamboo-relay,https://bamboorelay.com/,Australia,2017-01-01,2019-09-10 03:16:52,0,0,No,1210982299.7074254,Lag,1783175.8915315988
486,Bitoffer,bitoffer,https://www.bitoffer.com/en,Hong Kong,2019-01-01,2019-09-10 03:16:53,1,0,No,14373312.348349659,Recently,14373312.348349659
487,Uniswap V2,uniswap,https://uniswap.exchange,United States,2018-01-01,2019-09-10 03:16:55,0,0,No,69229553.5614485,Recently,0.0
488,BTCEXA,btcexa,https://btcexa.com/home,Australia,2018-01-01,2019-09-10 03:16:56,1,0,No,0.0,Lag,0.0
489,Birake,birake,https://birake.com,Estonia,2018-01-01,2019-09-10 03:16:58,1,0,No,42632.74129536354,Recently,42632.74129536354
490,KKCoin,kkcoin,https://www.kkcoin.com,Singapore,2017-01-01,2019-09-10 03:16:59,1,0,No,1581386473.630371,Lag,1069598.1540830054
491,ZG.TOP,zg-top,https://www.zgtop.io,Mongolia,2015-01-01,2019-09-10 03:17:01,1,0,No,21334023.45669671,Lag,0.0
493,Vindax,vindax,https://vindax.com/,Vietnam,2019-01-01,2019-09-10 03:17:04,1,0,No,138305486.07578948,Recently,3612220.254927575
494,FUBT,fubt,https://www.fubt.com,Hong Kong,2017-01-01,2019-09-10 03:17:05,1,0,No,0.0,Lag,0.0
495,Bione,bione,https://www.bione.cc/,Singapore,2018-01-01,2019-09-10 03:17:06,1,0,No,6361.76554458001,Recently,0.0
496,Biki,biki,https://www.biki.com,Singapore,2018-01-01,2019-09-10 03:17:08,1,0,No,258120.42189957254,Lag,258120.42189957254
497,WhaleEx,whaleex,https://www.whaleex.com/,Singapore,2018-01-01,2019-09-10 03:17:09,1,0,No,194279845.13737062,Lag,194279845.13737062
498,TRXMarket,trxmarket,https://trx.market/,China,2018-01-01,2019-09-10 03:17:11,1,0,No,182.608,Recently,0.0
500,ABCC,abcc,https://abcc.com/,Singapore,2018-01-01,2019-09-10 03:17:14,1,0,No,261381989.24063236,Recently,1633426.418017259
501,XT,xt,https://www.xt.com/,Seychelles,2018-01-01,2019-09-10 03:17:15,1,0,No,244352192.71876132,Recently,95211281.46166675
502,Coinzest,coinzest,https://www.coinzest.co.kr,South Korea,2018-01-01,2019-09-10 03:17:16,0,0,No,1735531.5445681887,NA,0.0
503,Hubi,hubi,https://www.hubi.com/,Hong Kong,2018-01-01,2019-09-10 03:17:18,1,0,No,234424375.21139288,Lag,0.0
504,Whitebit,whitebit,https://whitebit.com,Estonia,2018-01-01,2019-09-10 03:17:19,1,1,No,716067894.7058969,Recently,28553974.854602523
505,EXNCE,exnce,https://exnce.com/,Estonia,2019-01-01,2019-09-10 03:17:20,0,0,No,0.00076557747825,Lag,0.00076557747825
506,CBX,cbx,https://www.cbx.one,United Arab Emirates,2018-01-01,2019-09-10 03:17:22,1,0,No,34190430.94813791,Recently,34190430.94813791
507,Coinfinit,coinfinit,https://www.coinfinit.com/,South Korea,2019-01-01,2019-09-10 03:17:23,0,0,No,2455.4907630911484,Lag,2455.4907630911484
508,BitAsset,bitasset,https://www.bitasset.com,Hong Kong,2018-01-01,2019-09-10 03:17:25,1,1,No,993513764.8779197,Lag,993513764.8779197
509,SatowalletEx,satowalletex,https://satowallet.com,United Arab Emirates,2017-01-01,2019-09-10 03:17:26,1,0,No,5998.603349833564,NA,0.0
510,Tokpie,tokpie,https://tokpie.io/,Hong Kong,2018-01-01,2019-09-10 03:17:27,0,0,No,102733869.83677737,Recently,548145.803084968
511,Synthetix Exchange,synthetix-exchange,https://synthetix.exchange,Australia,2018-01-01,2019-09-10 03:17:29,0,0,No,0.0,Recently,0.0
512,SecondBTC,secondbtc,https://secondbtc.com,India,2018-01-01,2019-09-10 03:17:30,1,0,No,249015.86557890003,Recently,249015.86557890003
513,SatoExchange,satoexchange,https://www.satoexchange.com/,United States,2018-01-01,2019-09-10 03:17:32,0,0,No,521.1447557657716,Recently,521.1447557657716
514,Bithumb Global,bithumb-global,https://www.bithumb.pro/,Seychelles,2019-01-01,2019-09-10 03:17:33,1,0,No,228725143.38856098,Recently,4481794.381676123
515,BitOnBay,bitonbay,https://www.bitonbay.com/,Thailand,2018-01-01,2019-09-10 03:17:35,0,0,No,7564.925410877743,Recently,7564.925410877743
516,Piexgo,piexgo,https://www.piexgo.com/,Singapore,2019-01-01,2019-09-10 03:17:36,1,0,No,0.0,Lag,0.0
517,ZB Mega,zb-mega,https://www.zbm.com,Singapore,2019-01-01,2019-09-10 03:17:38,1,1,No,475761.86698056007,Lag,0.0
518,LocalTrade,localtrade,https://localtrade.cc/,United Kingdom,2017-01-01,2019-09-10 03:17:39,1,1,No,41735512.32211912,Lag,1344142.6213955071
519,Bitsdaq,bitsdaq,https://bitsdaq.com/,Hong Kong,2019-01-01,2019-09-10 03:17:41,1,0,No,37124815.24475236,Lag,37124815.24475236
520,Bitalong,bitalong,https://www.bitalong.com/,Hong Kong,2017-01-01,2019-09-10 03:17:42,1,0,No,112356.89065843957,Lag,112356.89065843957
521,Dflow,dflow,https://dflowx.com,Estonia,2019-01-01,2019-09-10 03:17:43,1,0,No,190848.63129169002,Lag,0.0
523,Dex-Trade,dex-trade,https://dex-trade.com/,Chile,2019-01-01,2019-09-10 03:17:46,1,0,No,71693050.99596174,Recently,2368433.394621214
524,Bitsten,bitsten,https://bitsten.com/,Indonesia,2017-01-01,2019-09-10 03:17:47,0,0,No,0.0,Recently,0.0
525,DigitalPrice,digitalprice,https://digitalprice.io/,Italy,2018-01-01,2019-09-10 03:17:49,0,0,No,0.0,Lag,0.0
526,Oceanex,oceanex,https://oceanex.pro,Cayman Islands,2018-01-01,2019-09-10 03:17:50,1,0,No,54945901.16578882,Recently,54945901.16578882
527,CoinFLEX,coinflex,https://coinflex.com/,Seychelles,2019-01-01,2019-09-10 03:17:52,1,0,No,1668.36085,Lag,1668.36085
528,COINX.PRO,coinx-pro,https://www.coinx.pro/index,Seychelles,2017-01-01,2019-09-10 03:17:53,1,0,No,0.0,Lag,0.0
529,Nexybit,nexybit,https://nexybit.com,South Korea,2018-01-01,2019-09-10 03:17:55,1,0,No,0.0,Lag,0.0
530,Bithumb Singapore,bithumb-singapore,https://www.bithumbsg.com/,Singapore,2018-01-01,2019-09-10 03:17:56,0,0,No,36810.4763930762,Lag,0.0
531,BitoPro,bitopro,https://www.bitopro.com/,Taiwan,2018-01-01,2019-09-10 03:17:57,1,0,No,411333.44110000145,Recently,411333.44110000145
532,6x,6x,https://www.6x.com,Singapore,2018-01-01,2019-09-10 03:17:59,1,0,No,3946316.75618954,Lag,0.0
533,Coinzo,coinzo,https://www.coinzo.com,Turkey,2018-01-01,2019-09-10 03:18:00,0,0,No,1595.0095549535256,Lag,1595.0095549535256
535,FinanceX,financex,https://financex.io,Singapore,2018-01-01,2019-09-10 03:18:03,1,0,No,0.0,Lag,0.0
537,Chainrift,chainrift,https://www.chainrift.com/,United States,,2019-09-10 03:18:06,0,0,No,12448.54305180998,Lag,0.0
538,ExtStock,extstock,https://extstock.com/,United Kingdom,2018-01-01,2019-09-10 03:18:07,0,1,No,159063741.25755566,Lag,0.0
539,Gibraltar Blockchain Exchange,gibraltar-blockchain-exchange,https://exchange.gbx.gi,Gibraltar,2018-01-01,2019-09-10 03:18:09,0,1,No,1017.0737664137,Lag,0.0
540,BitStorage,bitstorage,https://bitstorage.finance/,Seychelles,2018-01-01,2019-09-10 03:18:10,1,0,No,5714081.6978150215,Recently,5714081.6978150215
541,Hb.top,hb-top,https://www.hb.top/,Hong Kong,2017-01-01,2019-09-10 03:18:12,1,0,No,216397173.35581273,NA,0.0
542,CCXCanada,ccxcanada,https://ccxcanada.com/,Canada,2017-01-01,2019-09-10 03:18:13,1,0,No,0.0,Lag,0.0
543,OKEx Korea,okex-korea,https://okex.co.kr/,South Korea,2017-01-01,2019-09-10 03:18:14,1,0,No,38089.87547999146,Lag,38089.87547999146
544,BITBOX,bitbox,https://www.bitbox.me/,Singapore,2018-01-01,2019-09-10 03:18:16,1,0,No,10866534.745919392,Recently,0.0
547,ZT,zt.com,https://www.zt.com/,Cayman Islands,2018-01-01,2019-10-20 00:00:00,1,0,Yes,3922571849.1308036,Lag,1317781.002203502
548,Pars Exchange,pars-exchange,https://parsxc.com,Iran,2019-10-20,2019-12-12 00:00:00,1,0,No,131035.93039857318,Lag,0.0
550,Tagz,tagz,https://tagz.com/,Australia,,2019-12-21 00:00:00,1,0,No,1807092.1363940916,Lag,0.0
555,Radar Relay,radar-relay,https://radarrelay.com/,United States,2017-01-01,2020-06-17 01:38:30,0,0,No,102230.27608123374,Lag,0.0
556,Coindeal,coindeal,https://coindeal.com/,Malta,2018-01-01,2020-06-17 01:38:31,1,1,No,11863477.906265311,Recently,11863477.906265311
557,StakeCube Exchange,stakecube-exchange,https://stakecube.net/app/exchange/,Germany,2019-01-01,2020-06-17 01:38:32,0,0,No,0.0,Lag,0.0
558,Unnamed,unnamed,https://www.unnamed.exchange/,United Kingdom,2019-01-01,2020-06-17 01:38:33,1,0,No,307.16374786371136,Lag,307.16374786371136
559,Hanbitco,hanbitco,https://www.hanbitco.com,South Korea,2017-01-01,2020-06-17 01:38:35,1,0,No,720907.6970907007,Lag,720907.6970907007
561,Lukki,lukki,https://lukki.io/,Cayman Islands,2018-01-01,2020-06-17 01:38:37,1,0,No,0.0,Lag,0.0
562,ZG.com,zg-com,https://www.zg.com/,Cayman Islands,,2020-06-17 01:38:39,1,0,No,5122649614.171121,Lag,701755162.9120214
563,Bitcoin.com,bitcoin-com,https://exchange.bitcoin.com/,Bahamas,2019-01-01,2020-06-17 01:38:40,0,1,No,2028314625.2402587,Lag,561119601.855987
564,Cryptlocex,cryptlocex,https://www.cryptlocex.com,Mexico,2019-01-01,2020-06-17 01:38:41,1,0,No,0.0,NA,0.0
565,Bibo,bibo,https://www.bibo.gold/,Estonia,2018-01-01,2020-06-17 01:38:42,1,0,No,2.379544314,Recently,0.0
566,Bitcratic,bitcratic,https://www.bitcratic.com/,India,2018-01-01,2020-06-17 01:38:44,0,0,No,0.004059357085013818,Recently,0.004059357085013818
568,BTSE,btse,https://www.btse.com/en/home/,United Arab Emirates,2018-01-01,2020-06-17 01:38:46,0,1,No,172225786.86656535,Recently,823847.9464631625
569,Resfinex,resfinex,https://resfinex.com/,British Virgin Islands,2019-01-01,2020-06-17 01:38:48,1,0,No,85498843.22246711,Recently,85498843.22246711
570,HPX,hpx,https://www.hpx.com/,Australia,2018-01-01,2020-06-17 01:38:49,1,0,No,19828645.786685612,Lag,0.0
571,Indoex,indoex,https://indoex.io,Estonia,2018-01-01,2020-06-17 01:38:50,1,1,No,3109381986.935725,Recently,188643299.2605563
572,Bitmesh,bitmesh,https://bitmesh.com/,Seychelles,,2020-06-17 01:38:51,0,0,No,0.0,NA,0.0
573,Tokenlon,tokenlon,https://tokenlon.im/instant,British Virgin Islands,2019-01-01,2020-06-17 01:38:53,1,0,No,35916062.86030185,Lag,35916062.86030185
574,Velic,velic,https://www.velic.io/,Singapore,2018-01-01,2020-06-17 01:38:54,1,0,No,8822.458843,Recently,8822.458843
575,Eterbase,eterbase,https://eterbase.exchange,Slovakia,2019-01-01,2020-06-17 01:38:55,1,1,No,27.877563546,Lag,27.877563546
577,Upbit Indonesia ,upbit-indonesia,https://id.upbit.com/home,Indonesia,2018-01-01,2020-06-17 01:38:57,1,0,No,76437380.89486247,Recently,55030100.21655145
578,Max Maicoin,max-maicoin,https://max.maicoin.com,Taiwan,,2020-06-17 01:38:59,1,0,No,3084046.0336749693,Recently,3084046.0336749693
579,FEX,fex,http://fexpro.net/,Hong Kong,2017-01-01,2020-06-17 01:39:00,1,0,No,7755091.00159485,Lag,0.0
580,VCC Exchange,vcc-exchange,https://vcc.exchange,Vietnam,2019-01-01,2020-06-17 01:39:01,1,0,No,162382581.64876527,Recently,573368.6663491044
581,ViteX,vitex,https://vitex.net/,British Virgin Islands,2019-01-01,2020-06-17 01:39:02,1,0,No,478247.1294711035,Recently,478247.1294711035
582,FTX,ftx,https://ftx.com/,Antigua and Barbuda,2019-01-01,2020-06-17 01:39:04,1,1,No,2208654552.072368,Recently,2596001881.363416
583,Bvnex,bvnex,https://www.bvnex.com/,Vietnam,2018-01-01,2020-06-17 01:39:05,1,0,No,67610888.72171727,Recently,67610888.72171727
587,MercuriEx,mercuriex,https://mercuriex.com,United States,2017-01-01,2020-06-17 01:39:11,1,0,No,0.0,Lag,0.0
589,eToroX,etorox,https://www.etoro.com/crypto/exchange/,Gibraltar,2019-01-01,2020-06-17 01:39:13,1,0,No,30476045.58807716,Recently,123965708.94428319
590,AirSwap,airswap,https://www.airswap.io/,United States,,2020-06-17 01:39:14,0,0,No,0.0,Lag,0.0
591,Tokenize,tokenize,https://tokenize.exchange/,Singapore,2018-01-01,2020-06-17 01:39:16,0,1,No,19371032.246506155,Recently,19371032.246506155
592,Chiliz,chiliz,https://www.chiliz.net,Seychelles,2020-01-01,2020-06-17 01:39:17,0,0,No,309319.42602551,Recently,309319.42602551
593,HBTC,hbtc,https://www.hbtc.com/,Malta,2018-01-01,2020-06-17 01:39:18,1,0,No,30425606.722621042,Lag,30425606.722621042
594,BTCNEXT,btcnext,http://www.btcnext.io,Saint Vincent and the Grenadines,,2020-06-17 01:39:20,1,0,No,2412003.7832798976,Lag,2412003.7832798976
596,Currency.com,currency-com,https://exchange.currency.com/,Belarus,2019-01-01,2020-06-17 01:39:22,1,1,No,317475616.2686503,Recently,19694215.38480064
598,Bitci,bitci,https://www.bitci.com/,Turkey,2018-01-01,2020-06-17 01:39:25,0,0,No,5134330.425197398,Lag,5134330.425197398
599,BitLux OTC,bitlux-otc,https://www.bitlux.exchange/,Russia,,2020-07-31 00:00:00,0,1,No,42973215.60600314,Lag,0.0
601,Utorg,utorg,https://utorg.io/en/,United Kingdom,,2020-08-01 00:00:00,1,1,No,0.13232188160803,Lag,0.13232188160803
